date,customer id,salary range,age,children,gender,Q1,Q2,Q3,Q4,Q5,Q6
5/17/2018,152300,25000,29,1,F,5,5,2,1,5,5
5/12/2018,152301,35000,33,0,M,5,2,1,4,2,2
5/15/2018,152306,30000,23,1,M,2,5,3,1,1,3
5/21/2018,152307,35000,46,1,F,1,5,2,3,1,2
5/18/2018,152308,45000,41,2,F,4,5,2,4,1,1
5/17/2018,152309,45000,50,0,F,1,2,4,1,1,2
5/19/2018,152310,40000,25,1,M,4,2,2,4,4,2
5/10/2018,152311,45000,31,0,M,3,3,5,2,1,1
5/14/2018,152312,45000,21,1,M,5,5,1,4,1,5
5/22/2018,152313,25000,25,0,M,3,1,4,2,5,3
5/10/2018,152316,40000,39,2,F,5,5,2,4,5,5
5/14/2018,152317,30000,35,0,F,2,4,5,2,5,2
5/21/2018,152318,25000,38,0,M,5,4,5,3,1,5
5/15/2018,152319,45000,21,0,F,1,2,3,3,4,5
5/14/2018,152320,35000,33,1,F,1,4,5,2,3,2
5/18/2018,152321,35000,40,1,F,1,1,1,4,2,3
5/18/2018,152322,100000,32,2,F,1,4,1,1,1,4
5/21/2018,152323,20000,39,1,M,4,1,4,1,1,4
5/10/2018,152324,20000,43,1,F,4,3,4,2,5,3
5/13/2018,152331,25000,32,1,F,1,4,3,4,2,2
5/21/2018,152332,35000,34,0,F,1,3,2,5,1,3
5/16/2018,152333,50000,47,0,M,5,1,3,3,2,2
5/16/2018,152334,35000,45,0,M,3,2,2,4,3,2
5/12/2018,152335,35000,43,0,F,3,1,2,5,4,5
5/19/2018,152336,20000,38,0,F,5,4,1,2,5,4
5/15/2018,152337,40000,36,0,M,5,2,3,4,2,3
5/11/2018,152338,45000,40,0,M,3,1,5,5,3,2
5/12/2018,152339,35000,27,1,F,1,2,3,1,2,5
5/18/2018,152340,45000,33,1,M,5,3,1,1,2,2
5/24/2018,152341,25000,21,1,M,1,5,4,5,3,2
5/17/2018,152342,25000,37,0,M,3,2,1,5,3,3
5/12/2018,152343,90000,20,1,M,3,4,2,5,5,3
5/24/2018,152351,35000,33,0,M,5,2,5,3,2,3
5/17/2018,152352,30000,43,0,M,3,5,2,5,1,2
5/14/2018,152353,35000,31,0,M,4,3,1,4,3,5
5/20/2018,152354,25000,43,0,M,1,4,3,5,5,2
5/17/2018,152355,35000,32,1,F,4,5,1,5,2,1
5/21/2018,152356,20000,43,0,F,2,2,4,4,2,1
5/21/2018,152357,25000,38,0,M,2,1,1,2,1,3
5/12/2018,152358,15000,37,1,M,1,4,3,5,4,4
5/24/2018,152359,25000,31,1,M,1,4,2,2,4,1
5/23/2018,152360,100000,38,1,F,3,5,4,1,2,3
5/24/2018,152361,45000,42,1,F,5,5,2,1,2,3
5/22/2018,152362,40000,49,0,F,1,4,2,1,5,5
5/20/2018,152363,20000,51,0,M,3,1,4,4,4,3
5/12/2018,152364,35000,39,1,M,2,5,1,5,2,4
5/16/2018,152365,40000,55,2,M,2,4,2,5,3,2
5/14/2018,152366,35000,34,0,F,1,1,3,1,4,3
5/14/2018,152367,55000,24,0,F,5,5,4,2,4,5
5/16/2018,152368,35000,31,0,M,3,2,5,2,2,4
5/12/2018,152375,35000,33,0,F,3,2,3,3,1,4
5/22/2018,152376,35000,39,1,F,5,1,1,3,1,2
5/16/2018,152377,100000,28,2,M,4,5,2,2,3,2
5/12/2018,152378,15000,40,0,M,2,1,2,5,3,4
5/19/2018,152379,30000,39,0,M,1,5,4,5,4,2
5/13/2018,152380,15000,36,0,F,1,3,5,4,4,1
5/21/2018,152381,30000,40,0,F,2,5,3,2,3,3
5/17/2018,152382,55000,35,0,M,2,3,4,5,5,2
5/16/2018,152383,15000,32,1,M,4,3,3,1,2,3
5/17/2018,152384,30000,42,1,F,5,2,3,5,2,5
5/10/2018,152385,15000,28,0,M,2,2,3,4,5,4
5/12/2018,152386,30000,38,1,F,4,1,3,4,4,3
5/19/2018,152387,30000,39,1,M,3,4,2,5,4,5
5/19/2018,152388,40000,22,0,M,4,2,2,5,1,3
5/11/2018,152389,20000,39,1,M,1,2,5,5,5,5
5/21/2018,152395,30000,40,0,M,3,2,4,2,1,5
5/24/2018,152396,30000,47,1,F,1,3,4,5,3,5
5/19/2018,152397,40000,39,0,F,5,3,2,4,1,5
5/10/2018,152398,25000,45,3,M,2,3,2,5,4,2
5/17/2018,152399,45000,23,0,M,5,4,1,3,3,4
5/23/2018,152400,35000,53,0,M,5,2,2,3,1,3
5/16/2018,152401,40000,37,0,F,2,5,2,2,5,4
5/17/2018,152402,40000,31,1,M,4,2,4,3,4,3
5/12/2018,152403,25000,29,0,F,5,1,1,4,3,5
5/12/2018,152404,30000,29,2,M,3,1,5,2,4,1
5/12/2018,152405,40000,34,0,M,1,2,5,1,4,2
5/24/2018,152406,100000,32,0,F,4,2,1,2,5,5
5/15/2018,152407,25000,32,1,M,4,3,2,1,5,2
5/11/2018,152408,30000,21,1,M,5,1,2,4,3,4
5/24/2018,152409,35000,46,0,M,4,4,3,2,2,3
5/11/2018,152410,35000,24,0,F,3,3,1,1,2,1
5/10/2018,152411,45000,45,1,F,5,2,5,4,3,3
5/12/2018,152412,30000,43,0,M,1,4,1,4,5,4
5/13/2018,152413,40000,29,0,M,2,3,5,2,2,1
5/11/2018,152414,20000,33,0,F,5,5,2,4,5,3
5/15/2018,152421,30000,28,0,F,3,4,5,5,5,4
5/17/2018,152422,30000,40,1,M,5,4,4,4,5,5
5/24/2018,152423,35000,39,0,M,4,5,5,3,2,1
5/11/2018,152424,35000,37,1,M,4,4,2,3,4,3
5/19/2018,152425,30000,36,0,F,2,5,5,1,3,2
5/12/2018,152426,25000,38,0,F,3,2,1,4,3,2
5/15/2018,152427,45000,23,1,F,4,4,4,2,2,5
5/14/2018,152428,15000,39,1,F,2,3,2,1,5,3
5/23/2018,152429,45000,20,0,M,4,4,5,3,1,3
5/23/2018,152430,20000,32,1,M,5,1,2,4,2,1
5/18/2018,152431,35000,28,0,M,5,3,1,4,5,3
5/19/2018,152432,40000,38,0,M,2,3,5,5,5,4
5/11/2018,152433,30000,30,2,F,1,4,5,2,3,2
5/19/2018,152434,30000,29,0,M,2,3,1,1,2,1
5/14/2018,152435,25000,24,0,F,5,4,1,4,5,2
5/19/2018,152436,40000,47,1,M,3,5,2,5,2,3
5/18/2018,152437,30000,31,2,M,2,3,5,4,5,5
5/13/2018,152447,15000,37,0,M,5,5,2,1,4,3
5/15/2018,152448,55000,41,1,F,3,5,5,3,5,1
5/21/2018,152449,100000,38,0,M,2,2,3,2,1,1
5/17/2018,152450,20000,30,1,F,1,4,2,1,3,1
5/16/2018,152451,15000,31,0,F,2,4,3,5,2,4
5/15/2018,152452,30000,41,1,F,3,4,5,5,4,5
5/19/2018,152453,35000,44,0,F,5,4,4,1,2,5
5/10/2018,152454,30000,40,2,F,3,1,1,4,3,4
5/24/2018,152455,35000,45,0,M,3,2,4,1,3,3
5/15/2018,152456,35000,41,1,M,2,3,3,4,4,1
5/22/2018,152457,50000,38,1,M,3,2,4,4,2,2
5/24/2018,152458,25000,35,1,F,4,2,4,1,3,4
5/13/2018,152464,35000,39,1,F,3,1,5,4,3,4
5/23/2018,152465,35000,28,0,F,2,2,4,4,4,4
5/12/2018,152466,35000,30,0,F,3,1,2,4,3,4
5/15/2018,152467,30000,25,2,F,1,2,3,4,5,5
5/24/2018,152468,40000,29,1,F,2,2,2,3,1,3
5/22/2018,152469,45000,22,1,F,3,2,4,1,4,2
5/20/2018,152470,20000,54,2,F,5,2,2,2,1,4
5/22/2018,152471,30000,41,0,M,4,2,3,2,1,2
5/12/2018,152472,40000,40,1,M,4,1,4,5,4,1
5/18/2018,152473,45000,33,0,F,1,2,4,3,4,1
5/21/2018,152474,45000,34,0,M,1,2,3,1,5,5
5/19/2018,152475,20000,34,1,M,1,3,3,2,1,4
5/12/2018,152476,15000,25,0,F,3,3,3,4,1,2
5/20/2018,152477,55000,37,0,M,4,1,5,2,2,4
5/20/2018,152478,35000,24,2,M,5,1,3,4,5,4
5/20/2018,152479,35000,52,1,F,2,4,1,3,4,3
5/23/2018,152480,30000,39,0,F,3,3,1,1,4,4
5/11/2018,152494,20000,48,0,F,5,3,1,4,1,4
5/15/2018,152495,40000,24,0,F,5,4,3,2,4,5
5/19/2018,152496,50000,35,0,M,5,2,4,5,3,2
5/13/2018,152497,40000,20,2,F,3,3,3,5,2,1
5/12/2018,152498,45000,26,0,F,5,3,2,1,3,4
5/17/2018,152499,30000,40,0,F,5,1,3,1,2,4
5/14/2018,152500,25000,38,0,F,4,3,3,3,3,3
5/21/2018,152501,35000,40,1,M,4,3,1,3,3,1
5/10/2018,152502,30000,24,0,F,1,1,5,5,1,1
5/12/2018,152503,25000,42,1,M,1,5,3,2,2,1
5/10/2018,152504,35000,33,0,M,1,2,4,2,1,4
5/13/2018,152505,40000,22,0,M,4,1,3,3,2,2
5/18/2018,152506,40000,31,0,F,2,3,3,5,5,1
5/15/2018,152507,25000,38,2,F,4,5,1,4,5,3
5/20/2018,152508,25000,41,2,F,3,4,4,5,2,3
5/21/2018,152509,25000,38,0,F,2,5,3,1,2,4
5/14/2018,152515,35000,35,0,M,5,4,4,3,3,2
5/22/2018,152516,45000,33,0,M,3,5,3,4,2,4
5/10/2018,152517,35000,42,1,F,3,4,3,4,2,5
5/10/2018,152518,40000,34,1,F,5,1,2,5,3,2
5/12/2018,152519,40000,39,0,F,3,4,4,2,3,2
5/14/2018,152520,15000,45,0,M,2,5,2,2,5,2
5/17/2018,152521,40000,28,1,F,4,4,3,3,4,4
5/14/2018,152522,40000,42,1,F,4,3,3,5,2,1
5/14/2018,152523,35000,41,0,F,4,4,3,5,1,2
5/20/2018,152524,40000,36,0,M,4,2,1,3,4,4
5/13/2018,152525,20000,33,2,M,1,4,3,3,4,1
5/24/2018,152526,15000,36,1,M,2,3,1,2,5,5
5/17/2018,152527,30000,29,1,F,3,1,5,1,3,5
5/20/2018,152528,35000,38,0,M,4,5,5,4,5,4
5/18/2018,152529,20000,32,0,F,1,2,4,3,3,1
5/10/2018,152530,45000,26,1,M,4,4,4,1,1,1
5/18/2018,152537,15000,33,1,M,2,3,4,3,3,1
5/10/2018,152538,35000,38,2,F,5,2,2,3,1,5
5/24/2018,152539,30000,43,0,F,1,5,1,1,5,5
5/11/2018,152540,40000,27,1,M,1,4,1,1,2,2
5/16/2018,152541,45000,47,1,F,2,5,4,5,5,3
5/13/2018,152542,30000,28,1,F,1,5,4,4,2,1
5/16/2018,152543,35000,39,2,M,5,5,1,5,3,2
5/10/2018,152544,20000,26,1,F,1,4,5,4,2,1
5/13/2018,152545,55000,20,1,F,3,1,1,4,1,5
5/21/2018,152546,15000,45,0,M,3,5,5,3,4,3
5/19/2018,152547,15000,32,1,M,2,2,3,1,3,4
5/23/2018,152548,35000,36,0,F,2,2,1,5,2,5
5/10/2018,152549,40000,34,1,M,2,4,3,2,2,4
5/10/2018,152550,40000,49,1,M,1,2,2,2,2,3
5/20/2018,152551,40000,30,0,M,5,4,5,3,2,2
5/22/2018,152552,55000,27,0,F,1,1,4,4,5,5
5/23/2018,152553,15000,35,1,F,2,1,3,3,5,3
5/19/2018,152554,50000,53,0,F,2,3,2,4,1,3
5/13/2018,152555,45000,35,0,M,3,3,1,1,1,1
5/23/2018,152561,35000,22,0,F,1,4,5,1,4,5
5/15/2018,152562,15000,54,2,M,4,3,3,5,5,4
5/23/2018,152563,15000,39,1,F,2,1,5,2,4,5
5/17/2018,152564,15000,34,1,M,4,1,4,5,3,3
5/16/2018,152565,50000,44,1,M,5,3,1,5,5,5
5/12/2018,152566,30000,41,0,F,1,5,3,5,4,2
5/21/2018,152567,20000,35,1,M,5,1,1,2,4,4
5/20/2018,152568,50000,30,0,F,1,4,1,2,2,1
5/21/2018,152569,40000,32,0,F,4,2,3,2,1,4
5/19/2018,152570,40000,36,0,M,5,3,4,4,2,1
5/15/2018,152571,30000,40,1,M,1,5,3,5,4,4
5/11/2018,152572,35000,26,0,M,4,1,1,3,1,5
5/15/2018,152573,30000,37,1,F,4,1,2,3,4,2
5/13/2018,152574,35000,21,3,M,3,4,1,5,5,3
5/24/2018,152575,40000,21,1,M,3,4,5,1,5,1
5/14/2018,152576,55000,27,0,M,5,5,2,3,4,4
5/10/2018,152582,30000,21,1,M,1,1,4,1,4,1
5/13/2018,152583,35000,21,0,F,1,4,4,5,2,5
5/13/2018,152584,30000,27,0,M,2,4,4,5,3,2
5/13/2018,152585,30000,37,1,M,1,1,4,3,3,4
5/16/2018,152586,25000,25,0,F,4,5,4,4,3,2
5/16/2018,152587,100000,33,2,F,5,1,3,3,1,2
5/17/2018,152588,20000,41,1,M,2,1,4,5,2,5
5/21/2018,152589,35000,47,0,F,3,4,2,4,4,1
5/21/2018,152590,40000,42,0,F,3,1,5,5,3,2
5/10/2018,152591,20000,38,1,M,1,5,4,5,3,2
5/18/2018,152592,30000,32,0,F,4,5,2,5,3,1
5/14/2018,152593,25000,22,0,M,1,1,4,5,5,2
5/23/2018,152594,20000,48,0,F,2,3,2,4,2,5
5/14/2018,152595,15000,24,0,F,2,1,3,2,2,4
5/19/2018,152596,45000,30,1,F,5,1,2,1,5,1
5/22/2018,152597,25000,31,0,M,3,4,3,5,3,4
5/13/2018,152598,25000,30,1,F,4,4,4,5,5,1
5/13/2018,152599,35000,37,1,F,1,3,3,3,4,5
5/22/2018,152606,35000,42,1,M,5,3,5,1,3,3
5/14/2018,152607,45000,28,0,F,2,1,3,2,2,5
5/16/2018,152608,15000,21,0,M,2,4,5,1,2,1
5/11/2018,152609,40000,44,0,M,3,5,2,4,5,4
5/12/2018,152610,25000,31,0,M,1,2,2,1,3,2
5/12/2018,152611,25000,43,2,M,5,1,2,1,3,5
5/18/2018,152612,20000,52,0,F,3,5,1,4,4,1
5/24/2018,152613,20000,25,0,F,4,4,3,1,3,5
5/21/2018,152614,20000,32,0,F,3,5,5,1,1,1
5/19/2018,152615,45000,20,1,F,2,5,5,4,1,3
5/10/2018,152616,20000,36,1,F,4,3,1,3,4,1
5/13/2018,152617,30000,29,0,F,4,1,2,3,4,1
5/13/2018,152618,30000,33,0,F,3,3,5,1,2,2
5/17/2018,152619,35000,37,2,M,3,4,1,1,4,4
5/18/2018,152620,45000,45,2,M,5,4,1,5,2,5
5/23/2018,152627,45000,40,1,F,2,3,5,3,4,1
5/18/2018,152628,35000,37,0,M,2,3,4,2,1,1
5/21/2018,152629,40000,39,2,M,3,3,2,5,2,2
5/17/2018,152630,55000,31,0,M,2,4,2,5,5,3
5/19/2018,152631,55000,35,0,M,5,4,3,5,5,5
5/24/2018,152632,35000,29,0,F,1,5,2,5,1,5
5/10/2018,152633,25000,23,0,M,4,4,4,5,4,1
5/17/2018,152634,25000,22,2,M,5,5,5,3,5,2
5/24/2018,152635,30000,37,0,F,2,2,2,4,3,2
5/14/2018,152636,25000,30,0,F,2,4,4,3,2,3
5/23/2018,152637,30000,36,0,F,5,5,1,4,4,3
5/13/2018,152638,50000,20,1,F,5,2,5,4,2,1
5/20/2018,152639,35000,32,1,M,3,5,1,2,4,2
5/12/2018,152640,20000,45,0,M,1,2,3,2,5,3
5/18/2018,152641,35000,34,0,M,5,2,4,3,5,1
5/23/2018,152642,55000,42,1,F,5,5,4,5,1,4
5/10/2018,152643,30000,52,0,F,5,1,1,5,5,4
5/14/2018,152644,45000,21,1,M,2,2,2,1,2,5
5/17/2018,152645,30000,30,0,M,2,3,5,1,2,2
5/17/2018,152652,35000,37,0,F,1,3,3,4,3,5
5/22/2018,152653,30000,36,1,M,2,2,1,3,1,2
5/11/2018,152654,25000,53,1,F,3,3,2,1,3,3
5/20/2018,152655,20000,37,2,F,2,4,3,4,5,4
5/13/2018,152656,40000,43,0,F,3,2,2,5,5,1
5/11/2018,152657,30000,40,1,M,3,3,4,3,1,1
5/13/2018,152658,30000,33,0,M,4,4,5,4,1,5
5/18/2018,152659,30000,43,0,M,3,4,1,4,2,4
5/15/2018,152660,40000,35,0,F,3,4,2,3,3,4
5/15/2018,152661,15000,32,0,M,2,4,2,1,2,5
5/18/2018,152662,40000,46,0,M,1,2,3,5,2,4
5/17/2018,152663,20000,38,0,M,4,3,2,4,3,3
5/10/2018,152664,45000,21,0,F,3,4,4,1,3,5
5/13/2018,152665,45000,25,2,M,4,5,2,4,5,4
5/13/2018,152666,35000,51,1,M,1,1,5,3,1,3
5/23/2018,152674,40000,50,0,F,1,5,2,4,4,1
5/17/2018,152675,30000,33,0,F,1,3,3,3,4,3
5/12/2018,152676,35000,43,1,F,1,3,5,1,1,5
5/12/2018,152677,45000,39,0,F,3,2,3,2,4,5
5/20/2018,152678,15000,33,1,M,1,1,3,2,1,3
5/18/2018,152679,35000,39,0,M,5,5,4,5,5,5
5/13/2018,152680,25000,34,0,F,5,4,2,4,5,2
5/12/2018,152681,30000,27,1,F,2,1,4,1,5,2
5/23/2018,152682,30000,43,1,M,5,5,4,4,5,5
5/24/2018,152683,40000,29,0,F,3,2,3,1,2,1
5/16/2018,152684,20000,33,2,F,2,1,2,1,1,4
5/15/2018,152685,35000,35,0,F,3,1,1,5,5,1
5/20/2018,152686,40000,32,1,F,3,1,2,4,5,2
5/20/2018,152687,50000,26,1,M,4,3,5,1,3,4
5/16/2018,152688,35000,53,0,F,2,3,4,5,4,3
5/12/2018,152689,35000,38,0,F,3,1,5,5,2,3
5/19/2018,152690,15000,29,0,M,5,5,5,4,3,2
5/11/2018,152691,55000,38,2,M,5,3,5,4,5,4
5/11/2018,152692,30000,41,0,F,4,3,1,3,5,1
5/20/2018,152698,30000,38,0,F,2,4,3,2,2,5
5/17/2018,152699,35000,53,0,F,1,1,1,4,1,5
5/15/2018,152700,45000,44,0,M,5,1,4,2,5,2
5/15/2018,152701,35000,36,0,F,1,5,4,5,3,1
5/14/2018,152702,30000,39,1,F,5,4,5,1,4,5
5/17/2018,152703,15000,25,1,M,4,1,4,5,3,4
5/16/2018,152704,40000,39,1,M,4,1,2,2,1,5
5/20/2018,152705,30000,30,1,F,4,3,5,2,3,4
5/11/2018,152706,35000,50,0,M,4,5,5,2,1,4
5/22/2018,152707,50000,23,2,F,3,5,4,2,2,5
5/15/2018,152708,25000,30,0,F,3,2,1,5,2,4
5/20/2018,152709,25000,32,0,F,5,1,5,2,3,5
5/24/2018,152710,25000,38,2,M,2,2,3,5,3,4
5/20/2018,152711,30000,51,1,F,1,5,3,1,5,2
5/23/2018,152717,30000,37,2,F,1,1,5,4,3,3
5/18/2018,152718,25000,39,0,M,5,5,5,5,2,4
5/11/2018,152719,25000,33,2,F,1,2,2,4,5,2
5/21/2018,152720,35000,34,0,F,1,2,2,2,5,4
5/10/2018,152721,45000,41,0,F,1,3,4,3,1,4
5/15/2018,152722,40000,37,0,M,4,1,1,1,4,4
5/24/2018,152723,25000,31,1,F,2,1,3,4,1,1
5/11/2018,152724,30000,38,1,M,5,5,4,2,1,4
5/12/2018,152725,40000,38,1,F,1,1,1,2,5,2
5/19/2018,152726,25000,34,0,F,3,3,2,4,4,3
5/18/2018,152727,40000,37,0,M,5,2,2,4,3,3
5/24/2018,152728,30000,28,0,F,3,4,4,3,3,5
5/19/2018,152729,40000,27,0,F,5,4,2,3,2,4
5/23/2018,152730,60000,45,0,M,3,1,3,1,3,3
5/16/2018,152731,15000,36,0,F,1,5,1,1,1,1
5/15/2018,152732,40000,37,0,M,1,4,4,5,1,4
5/15/2018,152733,15000,37,0,M,2,2,3,1,1,1
5/13/2018,152734,15000,34,0,M,5,5,3,4,2,3
5/23/2018,152735,30000,40,2,F,2,2,1,3,1,1
5/13/2018,152736,40000,44,1,M,1,1,4,1,4,3
5/10/2018,152737,15000,45,0,M,4,2,1,2,1,1
5/15/2018,152738,35000,30,0,F,3,2,5,4,2,3
5/22/2018,152739,30000,40,1,M,4,3,5,2,3,1
5/16/2018,152745,30000,56,1,F,4,1,2,5,2,1
5/11/2018,152746,30000,48,1,F,5,4,5,1,2,5
5/22/2018,152747,35000,38,0,M,2,4,4,4,1,4
5/11/2018,152748,35000,38,1,M,5,4,2,1,2,4
5/21/2018,152749,25000,31,0,F,3,5,5,5,2,3
5/17/2018,152750,30000,28,0,M,2,5,4,3,2,3
5/14/2018,152751,40000,35,2,M,5,1,1,3,3,5
5/24/2018,152752,40000,49,0,M,1,3,1,5,3,4
5/23/2018,152753,35000,27,0,M,4,5,4,3,4,3
5/22/2018,152754,30000,46,0,M,1,3,4,4,4,3
5/24/2018,152755,20000,24,1,F,1,1,5,3,2,2
5/21/2018,152756,30000,43,0,F,1,1,2,3,2,4
5/20/2018,152757,40000,38,0,F,4,2,2,1,1,2
5/10/2018,152758,30000,32,0,M,3,5,5,2,3,2
5/18/2018,152759,35000,38,0,M,4,4,1,2,2,2
5/13/2018,152760,55000,26,0,M,2,2,5,1,1,4
5/18/2018,152761,15000,33,1,M,5,1,2,5,3,5
5/13/2018,152762,30000,38,0,F,2,4,3,5,2,1
5/17/2018,152773,20000,26,2,M,2,5,4,4,1,4
5/12/2018,152774,25000,39,0,F,3,5,2,5,2,4
5/24/2018,152775,25000,31,1,F,3,5,1,1,4,3
5/19/2018,152776,35000,28,1,F,5,2,3,5,1,1
5/21/2018,152777,30000,41,0,F,4,5,3,1,4,2
5/24/2018,152778,40000,44,2,F,4,5,3,4,4,3
5/19/2018,152779,25000,37,2,F,5,4,3,4,5,3
5/19/2018,152780,35000,35,0,F,5,5,1,4,3,3
5/16/2018,152781,15000,34,1,M,5,5,3,4,5,2
5/11/2018,152782,35000,47,1,F,4,3,1,2,2,2
5/13/2018,152783,50000,25,0,F,3,3,3,4,5,2
5/13/2018,152784,35000,25,1,M,2,2,2,4,1,5
5/22/2018,152785,40000,25,0,M,3,1,4,1,4,4
5/11/2018,152786,40000,52,2,M,4,3,5,1,4,2
5/18/2018,152791,25000,29,0,F,4,5,2,2,3,3
5/15/2018,152792,25000,37,0,M,2,2,3,4,5,1
5/20/2018,152793,75000,29,1,F,5,5,3,5,1,1
5/10/2018,152794,40000,43,0,M,2,1,1,2,1,4
5/22/2018,152795,35000,31,1,M,4,5,2,4,2,4
5/23/2018,152796,20000,25,1,M,3,5,3,3,4,4
5/16/2018,152797,25000,35,0,M,1,2,4,1,3,2
5/10/2018,152798,30000,42,0,F,4,5,2,5,3,1
5/19/2018,152799,45000,48,1,F,1,2,5,3,3,2
5/16/2018,152800,30000,45,2,M,1,5,5,2,1,2
5/19/2018,152801,40000,32,0,F,4,2,2,3,5,2
5/15/2018,152802,40000,38,0,M,1,2,2,5,2,5
5/23/2018,152803,35000,34,0,M,1,4,4,4,3,4
5/24/2018,152804,25000,45,0,M,2,3,4,4,2,4
5/23/2018,152805,30000,29,0,F,3,3,2,5,4,3
5/15/2018,152806,15000,31,1,F,3,4,2,3,5,3
5/23/2018,152807,35000,42,0,M,3,3,1,2,4,3
5/21/2018,152808,20000,40,0,M,3,4,5,5,4,4
5/12/2018,152809,35000,36,3,F,1,5,1,3,5,3
5/14/2018,152810,30000,27,0,M,1,1,5,1,5,4
5/23/2018,152815,45000,26,0,M,5,5,2,3,5,5
5/20/2018,152816,35000,52,0,F,3,1,4,2,4,3
5/16/2018,152817,40000,35,1,M,1,4,4,5,3,5
5/18/2018,152818,35000,42,0,M,4,2,3,3,2,2
5/18/2018,152819,35000,49,0,M,3,3,1,1,2,2
5/21/2018,152820,35000,38,0,M,2,3,4,4,2,4
5/17/2018,152821,25000,65,0,F,3,1,3,2,1,1
5/19/2018,152822,25000,49,0,F,3,3,3,3,4,3
5/14/2018,152823,25000,21,0,M,5,3,1,1,2,3
5/20/2018,152824,20000,33,0,M,4,2,1,5,1,5
5/14/2018,152825,30000,37,0,F,2,1,3,3,4,5
5/13/2018,152826,35000,36,0,F,4,5,2,5,1,5
5/18/2018,152827,35000,37,0,F,3,3,1,3,4,5
5/13/2018,152828,45000,39,0,M,5,3,4,1,3,2
5/21/2018,152829,30000,43,0,F,5,1,3,2,4,3
5/17/2018,152830,30000,31,0,F,3,1,3,1,4,3
5/15/2018,152831,30000,40,0,F,2,5,1,4,5,1
5/21/2018,152839,55000,45,1,M,3,5,4,3,2,5
5/21/2018,152840,45000,46,2,M,2,5,1,2,4,5
5/11/2018,152841,100000,50,0,M,4,4,1,5,1,4
5/21/2018,152842,25000,46,3,F,4,3,1,4,4,1
5/22/2018,152843,20000,27,0,F,1,3,2,1,3,4
5/16/2018,152844,15000,32,1,M,1,4,1,3,5,5
5/19/2018,152845,15000,20,1,F,2,1,2,1,2,5
5/24/2018,152846,50000,46,0,F,4,2,4,2,1,3
5/21/2018,152847,25000,43,1,M,3,1,5,5,4,4
5/12/2018,152848,30000,35,0,F,2,3,5,1,2,2
5/19/2018,152849,40000,46,0,M,3,4,4,5,1,1
5/14/2018,152850,40000,32,0,F,2,1,3,3,3,3
5/19/2018,152851,55000,23,1,M,5,5,4,3,5,1
5/19/2018,152852,40000,38,1,M,1,4,3,1,2,4
5/20/2018,152853,45000,45,1,M,2,3,1,1,1,2
5/12/2018,152854,20000,28,1,M,2,4,1,3,1,1
5/17/2018,152855,40000,23,0,M,5,4,5,3,4,4
5/23/2018,152856,25000,22,0,F,3,3,2,4,4,3
5/20/2018,152857,35000,44,0,M,3,5,4,5,4,5
5/12/2018,152858,20000,31,1,M,1,5,4,1,5,4
5/14/2018,152865,25000,52,0,F,2,2,2,5,1,5
5/12/2018,152866,40000,37,0,M,1,2,3,4,4,5
5/19/2018,152867,15000,35,1,M,2,3,4,4,5,3
5/18/2018,152868,45000,46,1,F,2,1,5,4,5,1
5/19/2018,152869,30000,40,3,F,2,2,2,2,3,4
5/23/2018,152870,35000,25,0,F,2,4,4,2,4,1
5/14/2018,152871,25000,36,0,F,1,3,4,3,1,5
5/24/2018,152872,30000,37,1,M,1,5,1,3,1,5
5/20/2018,152873,45000,41,0,M,3,4,3,1,2,1
5/18/2018,152874,45000,39,1,F,3,5,3,4,1,5
5/24/2018,152875,15000,48,0,M,4,2,5,2,2,2
5/10/2018,152876,45000,33,0,F,2,5,3,2,1,3
5/21/2018,152877,30000,34,1,F,4,3,5,3,5,2
5/12/2018,152882,30000,29,1,F,4,1,3,5,3,5
5/17/2018,152883,45000,35,0,F,4,1,5,2,1,4
5/15/2018,152884,35000,21,0,M,1,1,1,4,5,3
5/17/2018,152885,25000,45,0,M,1,5,3,5,5,3
5/22/2018,152886,35000,37,1,F,1,3,5,1,3,5
5/15/2018,152887,20000,36,1,M,3,1,1,1,1,5
5/24/2018,152888,40000,30,0,F,3,5,4,5,5,4
5/12/2018,152889,35000,39,0,M,3,5,5,3,1,4
5/19/2018,152890,20000,30,0,M,1,4,1,4,1,2
5/11/2018,152891,35000,34,0,M,5,3,4,3,2,5
5/20/2018,152892,20000,35,0,M,2,1,1,1,5,1
5/18/2018,152893,35000,45,2,F,4,1,1,5,2,4
5/19/2018,152894,40000,31,0,M,1,3,2,1,2,4
5/11/2018,152895,35000,37,1,M,5,4,1,3,5,3
5/18/2018,152896,25000,41,1,M,1,1,1,5,1,5
5/17/2018,152897,40000,30,0,M,1,2,4,5,4,2
5/17/2018,152910,30000,45,0,M,1,5,5,5,4,1
5/14/2018,152911,40000,32,0,F,1,5,4,5,3,4
5/15/2018,152912,40000,33,0,M,3,4,1,4,1,4
5/18/2018,152913,15000,33,1,M,2,1,4,5,3,3
5/20/2018,152914,35000,30,0,M,2,2,2,5,5,4
5/24/2018,152915,85000,37,0,F,3,1,2,5,5,5
5/10/2018,152916,40000,39,0,M,4,3,3,1,4,1
5/10/2018,152926,30000,37,0,M,4,3,1,4,5,5
5/11/2018,152927,50000,46,0,M,1,3,1,1,3,4
5/15/2018,152928,15000,38,0,M,1,3,3,4,2,1
5/13/2018,152929,35000,57,0,M,1,2,2,2,3,1
5/23/2018,152930,30000,31,0,F,4,3,3,3,5,2
5/23/2018,152931,25000,31,0,F,3,2,2,3,4,1
5/21/2018,152932,45000,35,1,M,3,3,1,2,3,4
5/13/2018,152933,40000,25,0,F,1,3,5,5,2,1
5/17/2018,152934,30000,42,0,F,5,1,1,1,1,5
5/22/2018,152935,25000,39,0,F,1,3,3,2,4,5
5/18/2018,152936,30000,39,1,M,4,3,3,3,2,5
5/10/2018,152937,30000,26,1,F,4,1,5,1,2,3
5/15/2018,152938,50000,52,0,F,1,1,4,4,2,2
5/19/2018,152939,30000,46,0,F,1,2,3,2,3,3
5/18/2018,152940,35000,35,0,M,1,1,3,3,2,4
5/23/2018,152941,25000,39,2,F,5,2,1,1,4,2
5/20/2018,152942,35000,27,1,F,3,1,2,5,4,3
5/20/2018,152943,40000,37,0,F,1,5,2,2,5,1
5/20/2018,152950,50000,29,0,M,1,1,4,3,2,3
5/11/2018,152951,50000,20,3,M,4,5,5,4,5,5
5/23/2018,152952,30000,37,0,F,5,4,3,2,5,1
5/22/2018,152953,30000,39,0,F,4,3,5,3,5,3
5/12/2018,152954,25000,30,2,M,5,4,2,4,1,2
5/17/2018,152955,45000,42,1,M,5,3,4,3,5,5
5/22/2018,152956,35000,43,1,F,4,3,3,1,4,5
5/14/2018,152957,25000,58,0,F,2,4,3,5,4,4
5/23/2018,152958,45000,36,0,F,1,4,5,3,2,2
5/20/2018,152959,20000,43,0,F,4,2,2,2,3,3
5/19/2018,152960,40000,35,0,M,5,1,3,5,2,2
5/13/2018,152961,40000,27,0,F,1,2,5,1,3,5
5/12/2018,152962,25000,29,1,M,1,3,3,3,4,2
5/17/2018,152963,40000,27,0,M,4,2,4,4,1,2
5/18/2018,152964,25000,40,1,M,1,2,4,5,5,5
5/15/2018,152965,35000,58,1,F,3,4,3,2,2,4
5/14/2018,152966,45000,31,1,M,5,2,1,1,4,1
5/23/2018,152967,30000,23,0,F,1,2,5,1,2,2
5/14/2018,152976,25000,38,1,M,2,1,5,4,2,4
5/11/2018,152977,25000,26,0,M,3,3,2,3,5,4
5/23/2018,152978,25000,33,1,F,3,2,1,4,2,4
5/23/2018,152979,35000,42,1,M,2,5,2,4,4,1
5/19/2018,152980,40000,51,0,M,3,1,4,4,1,2
5/24/2018,152981,40000,38,0,M,5,5,5,5,3,4
5/24/2018,152982,25000,37,0,F,4,2,3,4,5,4
5/13/2018,152983,20000,33,0,F,2,4,4,1,3,1
5/16/2018,152984,35000,28,1,F,2,2,4,2,2,3
5/15/2018,152985,25000,36,0,M,5,1,4,4,1,4
5/21/2018,152986,100000,35,0,M,2,4,5,5,3,2
5/13/2018,152987,30000,27,0,M,4,5,5,2,2,5
5/20/2018,152988,30000,47,0,F,4,3,2,3,1,2
5/15/2018,152989,25000,40,0,M,3,2,5,4,2,3
5/15/2018,152990,35000,60,0,F,5,2,5,1,2,2
5/22/2018,152991,30000,44,1,F,2,2,5,1,3,2
5/15/2018,152992,15000,33,0,F,2,4,3,1,1,4
5/18/2018,152993,40000,40,1,F,3,4,1,3,5,3
5/23/2018,152994,30000,47,1,M,3,2,1,5,5,5
5/24/2018,152995,30000,24,0,F,5,3,3,5,2,3
5/15/2018,152997,60000,38,0,F,1,2,5,5,1,2
5/10/2018,152998,25000,60,0,F,2,3,2,3,3,4
5/14/2018,152999,50000,36,0,F,3,1,1,3,3,5
5/20/2018,153000,25000,40,1,F,1,2,4,2,5,5
5/22/2018,153001,25000,24,0,M,2,5,1,5,1,4
5/15/2018,153002,40000,31,2,F,1,5,5,3,3,3
5/10/2018,153003,25000,40,1,M,5,5,4,2,3,5
5/14/2018,153004,35000,30,1,M,5,1,1,1,3,3
5/24/2018,153005,40000,39,0,M,1,4,1,1,2,4
5/12/2018,153006,30000,31,0,F,4,4,2,2,4,3
5/21/2018,153007,35000,44,2,M,2,2,1,5,5,4
5/16/2018,153008,40000,28,0,F,2,1,2,3,1,3
5/10/2018,153009,45000,51,2,M,1,5,3,2,2,3
5/20/2018,153010,15000,31,1,F,4,2,5,1,5,3
5/20/2018,153011,30000,30,0,F,3,3,5,5,1,5
5/24/2018,153012,30000,45,0,M,5,3,5,4,4,4
5/19/2018,153020,35000,46,2,F,5,4,1,3,1,2
5/20/2018,153021,45000,45,0,M,5,4,3,3,1,3
5/15/2018,153022,30000,34,1,F,5,2,1,1,2,1
5/12/2018,153023,20000,21,0,F,3,5,3,4,1,5
5/11/2018,153024,30000,38,0,F,1,5,1,1,4,5
5/23/2018,153025,15000,24,0,F,5,4,5,2,3,3
5/22/2018,153026,20000,36,1,M,4,4,2,1,3,5
5/10/2018,153027,25000,25,2,F,5,5,2,3,1,1
5/11/2018,153028,45000,20,1,M,4,3,5,2,5,2
5/20/2018,153029,40000,35,1,F,1,2,5,5,5,4
5/24/2018,153030,35000,33,0,M,4,1,1,2,3,2
5/10/2018,153031,25000,49,1,M,2,1,3,1,4,2
5/16/2018,153032,30000,39,1,M,2,4,4,3,4,3
5/22/2018,153033,40000,47,0,F,4,4,5,3,5,1
5/14/2018,153038,45000,32,0,M,5,1,5,5,3,5
5/12/2018,153039,35000,39,0,F,3,1,2,3,4,5
5/13/2018,153040,30000,37,0,F,2,5,3,1,2,1
5/13/2018,153041,15000,34,0,F,5,2,1,2,4,4
5/19/2018,153042,35000,31,3,M,2,1,1,1,4,3
5/24/2018,153043,30000,35,0,F,5,3,1,2,4,4
5/23/2018,153044,25000,29,0,M,5,3,5,2,5,5
5/11/2018,153045,40000,44,0,M,4,3,1,2,5,1
5/18/2018,153046,40000,41,0,F,1,2,5,5,5,3
5/24/2018,153047,25000,31,1,M,5,5,5,5,3,1
5/12/2018,153048,35000,49,0,F,2,5,1,4,1,1
5/12/2018,153049,45000,28,2,M,2,4,5,5,5,5
5/23/2018,153050,35000,26,0,F,5,2,2,4,2,4
5/14/2018,153051,35000,39,2,F,5,4,1,2,2,5
5/16/2018,153052,35000,38,2,M,5,1,2,3,2,1
5/13/2018,153053,15000,24,1,M,5,1,5,1,5,5
5/10/2018,153054,50000,46,0,F,4,3,3,1,5,3
5/19/2018,153057,15000,35,1,M,4,5,3,5,4,2
5/20/2018,153058,30000,23,0,F,2,3,4,1,1,3
5/14/2018,153059,30000,28,2,F,1,1,1,2,2,3
5/21/2018,153060,25000,38,0,F,2,2,5,5,2,4
5/21/2018,153061,30000,39,1,M,1,4,2,1,4,5
5/10/2018,153062,25000,34,0,F,2,2,4,4,3,1
5/12/2018,153063,45000,29,1,F,4,5,1,5,1,5
5/24/2018,153064,35000,30,1,F,4,2,2,3,3,5
5/24/2018,153065,45000,28,3,F,1,2,4,1,5,1
5/20/2018,153066,45000,43,0,F,1,1,1,1,1,3
5/10/2018,153067,45000,36,1,M,5,4,2,2,2,4
5/16/2018,153068,15000,41,0,M,2,3,1,2,3,2
5/18/2018,153069,30000,21,1,F,1,2,2,2,4,2
5/17/2018,153070,15000,50,0,F,5,4,1,1,5,5
5/14/2018,153071,15000,24,0,F,1,2,1,4,1,3
5/17/2018,153072,30000,40,0,F,2,4,1,5,5,5
5/23/2018,153073,30000,36,0,F,5,3,3,2,5,1
5/11/2018,153074,35000,32,0,M,4,3,5,2,1,5
5/17/2018,153075,35000,24,2,F,2,3,5,4,2,5
5/21/2018,153076,25000,46,0,F,2,1,5,5,1,4
5/23/2018,153077,25000,37,1,F,2,3,1,5,5,5
5/16/2018,153078,45000,37,0,M,5,1,3,5,4,2
5/20/2018,153079,50000,30,1,M,4,1,3,2,3,3
5/18/2018,153083,40000,50,0,F,5,5,1,2,3,1
5/22/2018,153084,45000,36,0,M,1,5,1,1,4,1
5/21/2018,153085,50000,54,1,F,5,2,1,4,1,3
5/10/2018,153086,35000,37,0,M,3,2,2,5,5,2
5/15/2018,153087,15000,45,1,F,2,3,3,2,3,1
5/10/2018,153088,35000,29,0,F,1,1,5,4,5,2
5/13/2018,153089,35000,34,1,M,2,2,4,2,3,3
5/13/2018,153090,25000,34,2,M,5,3,1,3,3,2
5/16/2018,153091,30000,38,0,M,3,2,1,3,1,3
5/11/2018,153092,25000,26,1,F,2,5,3,3,5,2
5/11/2018,153093,35000,31,1,F,5,1,3,5,3,3
5/24/2018,153094,50000,41,1,F,2,5,3,4,5,1
5/17/2018,153095,35000,23,1,M,1,1,4,1,5,3
5/16/2018,153096,30000,38,1,M,2,5,3,5,2,4
5/20/2018,153097,25000,41,1,F,4,2,5,4,3,1
5/10/2018,153098,25000,34,0,M,5,3,2,3,5,5
5/10/2018,153099,30000,41,1,F,3,2,2,5,5,4
5/12/2018,153100,100000,30,0,M,3,4,1,1,5,5
5/21/2018,153101,25000,36,1,F,5,5,2,3,5,4
5/21/2018,153102,35000,29,1,M,3,3,5,3,5,5
5/18/2018,153103,35000,42,0,M,5,5,5,1,1,5
5/23/2018,153107,25000,55,0,M,1,2,2,1,2,4
5/12/2018,153108,15000,36,0,F,2,3,4,2,5,2
5/14/2018,153109,20000,30,0,M,5,1,1,4,4,1
5/20/2018,153110,30000,22,2,M,2,4,3,1,1,1
5/12/2018,153111,20000,47,0,F,5,4,5,4,1,2
5/17/2018,153112,40000,25,1,F,3,1,2,5,3,4
5/24/2018,153113,35000,31,1,F,4,1,5,3,4,4
5/18/2018,153114,30000,38,2,M,2,5,3,5,2,3
5/12/2018,153115,25000,33,2,M,2,4,2,1,2,2
5/14/2018,153116,35000,44,1,F,5,4,2,5,5,1
5/13/2018,153117,40000,50,1,F,5,5,5,2,1,4
5/13/2018,153118,20000,35,0,M,1,1,4,3,5,2
5/21/2018,153119,50000,35,1,M,2,2,2,4,1,3
5/22/2018,153120,20000,36,0,F,2,2,2,1,2,3
5/12/2018,153121,30000,30,0,M,3,4,5,4,4,3
5/13/2018,153122,20000,31,1,M,4,1,1,1,2,4
5/17/2018,153123,30000,40,0,M,1,5,5,1,5,1
5/22/2018,153128,20000,38,0,F,2,2,4,5,4,5
5/16/2018,153129,40000,28,0,F,3,2,2,3,1,4
5/14/2018,153130,40000,42,2,F,3,2,2,5,5,4
5/14/2018,153131,35000,38,0,F,1,2,2,1,2,5
5/20/2018,153132,20000,57,1,F,5,4,4,5,4,1
5/19/2018,153133,35000,39,1,F,1,2,4,1,2,1
5/11/2018,153134,20000,39,0,F,1,2,1,3,4,3
5/16/2018,153135,45000,29,2,F,4,1,3,5,3,3
5/23/2018,153136,35000,41,0,F,4,5,3,3,5,5
5/17/2018,153137,25000,21,0,F,3,3,2,2,5,5
5/10/2018,153138,15000,29,0,M,1,5,4,1,5,3
5/19/2018,153139,50000,33,0,M,4,3,2,4,5,2
5/11/2018,153140,30000,33,0,M,2,5,3,2,5,1
5/18/2018,153141,40000,25,1,M,5,4,1,4,4,1
5/16/2018,153142,20000,26,2,F,1,3,3,5,1,2
5/21/2018,153143,40000,38,0,M,2,5,2,2,3,2
5/13/2018,153144,35000,24,0,F,1,2,1,3,3,1
5/18/2018,153145,15000,25,1,F,5,5,1,2,5,5
5/20/2018,153146,40000,30,0,M,1,3,5,2,4,4
5/12/2018,153147,20000,55,1,F,3,3,4,3,3,5
5/18/2018,153148,20000,37,0,M,1,2,5,1,2,1
5/22/2018,153149,35000,38,2,M,3,5,3,2,1,1
5/13/2018,153152,40000,39,0,M,2,1,5,3,1,4
5/21/2018,153153,40000,40,2,F,5,2,1,2,4,4
5/11/2018,153154,40000,28,0,F,2,5,2,3,3,2
5/24/2018,153155,25000,33,0,M,1,1,4,2,2,1
5/18/2018,153156,35000,35,2,M,5,2,1,1,2,3
5/15/2018,153157,20000,26,0,F,2,3,5,4,1,5
5/11/2018,153158,40000,29,0,F,1,5,1,4,1,5
5/18/2018,153159,20000,34,0,M,5,1,3,4,5,2
5/13/2018,153160,35000,40,4,M,1,5,5,4,2,4
5/12/2018,153161,30000,41,0,M,3,4,3,5,2,2
5/22/2018,153162,50000,37,0,F,5,4,4,4,1,2
5/17/2018,153163,30000,47,0,M,3,5,5,3,1,5
5/15/2018,153164,30000,63,0,F,2,2,2,5,2,5
5/13/2018,153165,35000,37,0,M,5,3,3,4,2,1
5/12/2018,153166,15000,38,0,F,1,2,1,2,2,2
5/22/2018,153167,35000,35,1,F,4,2,3,5,2,1
5/13/2018,153168,90000,33,1,M,3,1,5,3,5,3
5/19/2018,153169,30000,44,0,M,4,4,4,3,3,3
5/19/2018,153172,45000,25,0,M,1,3,1,5,3,3
5/23/2018,153173,20000,37,0,M,5,4,5,2,4,2
5/11/2018,153174,100000,45,0,F,4,3,2,4,2,1
5/16/2018,153175,45000,28,0,M,1,4,5,2,3,4
5/23/2018,153176,40000,29,1,F,1,4,3,1,5,5
5/11/2018,153177,25000,25,0,M,1,3,1,4,4,2
5/23/2018,153178,25000,39,1,M,5,2,3,5,5,4
5/19/2018,153179,25000,43,1,M,5,1,4,4,4,2
5/12/2018,153180,30000,28,0,M,5,5,4,2,2,1
5/14/2018,153181,50000,37,2,F,5,5,5,4,1,4
5/18/2018,153182,20000,25,0,F,3,4,1,3,3,2
5/24/2018,153183,35000,35,0,F,3,1,4,4,1,3
5/15/2018,153184,35000,32,0,F,3,5,2,1,5,3
5/20/2018,153185,15000,45,0,F,2,5,4,1,1,4
5/23/2018,153186,30000,33,0,F,2,1,3,4,5,4
5/22/2018,153187,50000,41,0,M,5,1,2,5,1,5
5/20/2018,153190,35000,51,0,F,3,4,1,3,3,4
5/20/2018,153191,25000,27,0,F,2,4,4,3,2,4
5/12/2018,153192,50000,31,0,F,5,1,2,5,3,4
5/16/2018,153193,25000,30,0,F,1,2,3,4,5,5
5/16/2018,153194,30000,21,1,F,3,1,5,3,4,1
5/16/2018,153195,45000,28,1,M,3,1,5,1,4,4
5/23/2018,153196,20000,38,1,M,1,1,3,5,3,3
5/22/2018,153197,15000,34,0,F,4,1,3,1,2,4
5/20/2018,153198,35000,28,1,M,2,5,4,4,3,4
5/24/2018,153199,30000,49,1,M,5,4,4,5,4,2
5/24/2018,153200,35000,56,0,M,2,3,5,1,5,3
5/21/2018,153201,15000,22,0,M,4,4,2,1,1,2
5/23/2018,153202,30000,28,0,F,5,3,3,3,2,5
5/23/2018,153203,15000,45,0,M,3,2,1,4,1,2
5/12/2018,153204,25000,25,0,M,1,4,2,3,2,1
5/13/2018,153205,20000,33,0,F,2,4,2,2,5,4
5/24/2018,153206,20000,49,2,F,5,2,1,5,4,4
5/21/2018,153207,45000,32,1,F,3,1,2,5,2,2
5/12/2018,153208,30000,38,0,F,1,2,2,2,3,1
5/24/2018,153209,25000,39,0,F,2,5,4,3,5,1
5/17/2018,153213,20000,24,0,F,3,1,3,1,4,4
5/17/2018,153214,35000,28,0,F,5,4,2,5,3,4
5/19/2018,153215,50000,33,0,M,4,3,2,4,5,1
5/21/2018,153216,40000,25,1,M,4,5,1,2,3,3
5/24/2018,153217,35000,37,0,F,5,3,2,4,4,3
5/24/2018,153218,15000,32,0,M,1,1,2,1,1,5
5/22/2018,153219,30000,39,0,F,4,5,2,2,1,5
5/20/2018,153220,30000,44,0,F,1,3,4,5,3,3
5/18/2018,153221,25000,41,1,M,3,4,5,3,5,3
5/15/2018,153222,25000,39,1,M,5,2,2,2,4,3
5/23/2018,153223,30000,35,1,M,4,5,2,5,1,2
5/13/2018,153224,30000,37,3,M,2,1,3,2,4,2
5/17/2018,153225,45000,56,1,F,2,2,1,3,2,1
5/11/2018,153226,25000,36,0,F,5,3,2,5,5,1
5/16/2018,153227,45000,39,0,F,2,3,5,5,2,2
5/13/2018,153228,20000,37,1,M,1,4,4,1,4,3
5/23/2018,153229,35000,33,1,F,3,3,5,3,2,5
5/17/2018,153230,25000,35,1,M,4,1,2,4,5,2
5/17/2018,153231,30000,38,1,M,1,2,3,1,5,4
5/22/2018,153232,25000,31,0,F,4,1,1,4,3,2
5/11/2018,153236,65000,43,0,F,1,5,2,2,2,1
5/14/2018,153237,40000,31,0,F,1,3,2,5,4,5
5/16/2018,153238,25000,39,0,F,5,3,3,1,4,1
5/16/2018,153239,25000,50,0,M,5,2,5,3,4,4
5/21/2018,153240,30000,26,0,F,2,4,5,3,1,1
5/10/2018,153241,40000,34,1,F,3,2,1,5,3,1
5/16/2018,153242,30000,56,0,M,2,4,4,1,3,1
5/19/2018,153243,30000,36,0,F,4,2,1,4,3,3
5/23/2018,153244,25000,46,0,F,5,4,4,5,3,5
5/23/2018,153245,45000,30,0,F,3,5,3,4,4,3
5/10/2018,153246,20000,40,1,F,1,5,2,4,4,5
5/19/2018,153247,25000,30,1,F,1,1,1,5,4,2
5/16/2018,153248,25000,37,1,F,3,3,5,2,3,4
5/17/2018,153249,25000,47,1,F,3,2,1,3,3,4
5/10/2018,153256,30000,49,1,M,4,2,3,3,3,4
5/15/2018,153257,100000,41,3,F,1,1,5,1,3,4
5/16/2018,153258,20000,25,0,F,4,2,3,4,5,4
5/13/2018,153259,45000,21,0,M,1,4,1,2,4,5
5/19/2018,153260,45000,45,1,M,4,4,1,2,4,5
5/15/2018,153261,30000,44,1,M,5,2,5,4,2,1
5/18/2018,153262,25000,38,1,F,5,4,2,1,5,1
5/20/2018,153263,50000,40,1,M,3,1,3,2,2,4
5/20/2018,153264,30000,24,0,F,4,1,4,4,3,5
5/19/2018,153265,30000,38,1,F,3,2,1,1,3,3
5/10/2018,153266,20000,47,0,M,3,5,2,5,5,2
5/15/2018,153267,45000,25,0,M,3,5,2,1,5,4
5/22/2018,153268,15000,22,0,F,5,4,1,4,5,4
5/20/2018,153271,25000,39,0,F,2,5,3,1,1,3
5/19/2018,153272,40000,28,0,F,1,3,4,5,2,5
5/13/2018,153273,40000,35,1,F,3,1,1,3,1,5
5/10/2018,153274,30000,42,0,F,3,2,1,4,2,5
5/14/2018,153275,25000,31,0,F,4,5,3,3,4,2
5/19/2018,153276,35000,29,1,F,3,3,2,2,3,2
5/16/2018,153277,30000,34,0,M,5,4,5,1,4,4
5/17/2018,153278,20000,42,0,M,5,4,4,3,5,1
5/11/2018,153279,30000,40,0,F,4,5,5,4,1,5
5/11/2018,153280,45000,33,1,M,2,3,4,3,2,2
5/13/2018,153281,25000,22,0,F,4,5,2,1,5,1
5/13/2018,153282,20000,32,0,M,2,3,3,3,1,1
5/24/2018,153283,35000,32,1,M,5,5,2,2,2,2
5/13/2018,153286,30000,33,0,F,5,5,3,3,4,5
5/13/2018,153287,40000,31,0,M,2,3,4,4,5,2
5/24/2018,153288,35000,36,2,F,2,5,1,3,3,4
5/24/2018,153289,15000,30,1,M,1,1,3,3,2,2
5/24/2018,153290,35000,37,1,M,5,4,2,3,3,5
5/20/2018,153291,25000,38,0,M,3,2,1,2,3,2
5/13/2018,153292,45000,44,0,M,4,4,3,1,5,1
5/16/2018,153293,35000,21,0,M,5,1,4,3,4,4
5/10/2018,153294,35000,28,0,F,4,4,1,1,1,2
5/15/2018,153295,35000,23,1,M,4,3,4,2,5,5
5/24/2018,153296,20000,30,2,M,2,1,2,3,2,5
5/20/2018,153297,35000,35,0,M,5,2,2,5,1,5
5/21/2018,153298,30000,53,1,F,5,1,1,3,2,1
5/22/2018,153299,20000,32,0,F,3,5,4,4,2,2
5/23/2018,153300,25000,51,0,F,2,2,5,5,3,3
5/15/2018,153301,20000,42,0,M,5,4,5,1,2,1
5/18/2018,153302,40000,41,0,F,3,1,1,1,1,1
5/11/2018,153303,15000,30,2,F,1,3,2,4,1,1
5/13/2018,153304,20000,40,0,F,5,4,4,3,1,5
5/18/2018,153305,30000,37,0,M,2,1,5,2,2,5
5/18/2018,153306,45000,51,2,M,4,3,3,1,1,2
5/13/2018,153307,15000,23,0,M,1,2,4,5,4,3
5/14/2018,153308,25000,36,0,F,4,3,4,3,5,4
5/18/2018,153315,15000,40,0,M,2,1,3,4,1,5
5/21/2018,153316,40000,45,0,F,2,4,4,5,4,1
5/20/2018,153317,35000,45,0,F,2,5,4,2,3,1
5/15/2018,153318,25000,39,0,F,3,3,4,2,3,3
5/23/2018,153319,45000,46,1,M,3,2,1,4,2,1
5/22/2018,153320,30000,40,0,M,4,4,2,2,5,4
5/21/2018,153321,45000,31,1,F,1,5,3,3,5,5
5/11/2018,153322,30000,36,0,F,5,4,5,2,5,2
5/24/2018,153323,100000,40,2,M,4,2,2,5,3,3
5/11/2018,153324,45000,37,0,M,5,5,2,4,5,3
5/22/2018,153325,25000,31,1,F,2,1,5,2,5,5
5/17/2018,153326,40000,26,0,F,3,3,4,3,4,5
5/12/2018,153327,40000,26,0,M,3,2,4,2,1,5
5/16/2018,153333,50000,24,0,M,1,3,3,3,2,3
5/11/2018,153334,15000,43,1,F,5,1,4,1,1,5
5/20/2018,153335,45000,35,1,F,4,5,2,2,3,2
5/18/2018,153336,30000,29,0,M,2,4,5,1,2,4
5/24/2018,153337,25000,48,0,F,4,5,5,4,5,1
5/23/2018,153338,40000,27,1,F,2,2,3,4,4,5
5/10/2018,153339,20000,31,0,F,4,4,5,3,5,2
5/18/2018,153340,25000,42,0,F,5,4,3,3,2,5
5/15/2018,153341,20000,34,0,F,1,4,3,3,4,5
5/16/2018,153342,50000,36,0,F,5,4,4,1,5,2
5/15/2018,153343,35000,27,1,F,3,3,4,1,1,5
5/24/2018,153344,30000,20,1,M,2,5,3,5,1,4
5/15/2018,153345,35000,26,1,F,4,1,3,5,5,3
5/24/2018,153346,35000,47,0,M,2,4,4,4,5,4
5/24/2018,153347,15000,28,1,F,2,1,3,1,1,3
5/19/2018,153348,45000,28,0,M,1,4,4,4,4,2
5/11/2018,153349,30000,38,0,F,1,4,3,1,5,2
5/18/2018,153350,40000,28,0,M,3,4,1,2,5,2
5/24/2018,153351,30000,29,1,F,5,5,2,1,3,5
5/17/2018,153352,25000,30,1,M,4,5,5,1,2,5
5/13/2018,153359,20000,31,1,F,3,1,2,2,5,1
5/10/2018,153360,40000,29,2,M,3,4,4,1,2,3
5/18/2018,153361,25000,33,0,F,3,3,4,1,4,4
5/10/2018,153362,25000,25,2,F,4,4,5,4,2,3
5/13/2018,153363,40000,35,1,M,4,5,4,1,2,1
5/24/2018,153364,20000,28,1,M,2,1,4,1,1,1
5/16/2018,153365,35000,25,0,F,3,2,5,4,5,2
5/13/2018,153366,20000,34,2,M,1,4,4,5,2,2
5/18/2018,153367,90000,43,0,M,1,4,1,1,1,3
5/22/2018,153368,35000,40,2,F,2,4,5,4,3,4
5/16/2018,153369,25000,50,1,M,3,1,5,4,3,3
5/13/2018,153370,35000,39,0,M,2,1,5,4,4,1
5/15/2018,153371,40000,35,0,F,1,4,2,1,5,1
5/13/2018,153372,30000,30,0,F,5,4,4,3,4,3
5/19/2018,153373,30000,32,2,F,2,4,4,1,5,5
5/22/2018,153374,35000,36,0,M,2,1,4,3,1,2
5/14/2018,153375,20000,24,0,F,3,2,1,4,1,4
5/23/2018,153376,40000,37,1,F,5,3,2,1,5,5
5/12/2018,153377,35000,41,2,F,4,3,4,4,2,3
5/12/2018,153378,30000,44,2,M,2,4,5,1,2,5
5/14/2018,153379,100000,50,2,F,3,1,2,1,2,3
5/13/2018,153380,35000,29,0,M,3,5,2,1,4,5
5/18/2018,153381,25000,27,2,M,3,1,2,1,2,5
5/10/2018,153382,15000,46,0,M,3,1,5,5,1,2
5/18/2018,153383,40000,38,0,M,1,1,5,4,4,5
5/23/2018,153384,40000,45,0,F,1,3,4,2,1,5
5/14/2018,153385,35000,42,2,M,2,3,5,5,5,5
5/17/2018,153395,100000,36,0,M,1,1,4,5,5,5
5/17/2018,153396,35000,37,0,F,4,3,5,1,3,1
5/11/2018,153397,35000,36,1,F,1,5,2,5,3,2
5/20/2018,153398,35000,35,1,M,3,5,1,2,4,4
5/23/2018,153399,30000,26,1,M,3,1,1,5,5,5
5/12/2018,153400,20000,41,0,M,3,4,4,4,1,4
5/16/2018,153401,40000,20,0,M,5,3,1,2,3,1
5/15/2018,153402,40000,29,1,M,3,1,4,4,4,1
5/11/2018,153403,20000,50,2,M,2,5,4,2,5,2
5/19/2018,153404,30000,53,0,M,3,5,2,4,2,5
5/21/2018,153405,25000,43,0,F,5,2,4,4,2,3
5/23/2018,153406,100000,39,1,M,4,1,2,5,1,3
5/12/2018,153407,20000,38,0,M,4,4,3,2,2,3
5/15/2018,153408,40000,31,1,F,3,1,5,1,3,2
5/15/2018,153409,50000,38,1,M,2,1,2,1,2,3
5/10/2018,153410,25000,32,1,M,3,1,2,5,4,5
5/21/2018,153411,30000,48,2,F,4,3,2,3,3,1
5/23/2018,153412,100000,35,0,M,4,4,1,5,1,1
5/18/2018,153413,40000,39,0,F,3,5,1,5,5,3
5/11/2018,153414,30000,33,2,F,2,5,2,2,2,1
5/19/2018,153415,35000,32,0,M,1,5,4,3,5,2
5/14/2018,153416,40000,31,2,M,2,4,3,2,1,4
5/20/2018,153417,30000,42,0,M,3,5,2,3,5,5
5/11/2018,153418,35000,32,0,F,4,3,1,1,3,1
5/11/2018,153419,35000,34,0,M,5,3,5,1,2,1
5/12/2018,153420,25000,32,2,F,4,3,5,2,4,1
5/20/2018,153421,35000,34,0,M,2,1,4,4,4,1
5/24/2018,153422,25000,33,0,F,2,4,1,4,1,3
5/11/2018,153423,35000,40,0,F,1,4,3,4,3,5
5/22/2018,153424,35000,36,1,M,4,3,4,1,2,3
5/21/2018,153425,45000,27,2,M,3,3,1,3,5,4
5/21/2018,153433,15000,33,1,F,1,5,1,4,1,5
5/24/2018,153434,35000,32,0,F,1,2,1,1,2,1
5/17/2018,153435,30000,35,0,F,4,2,2,3,5,3
5/14/2018,153436,30000,35,2,F,1,2,1,4,2,1
5/22/2018,153437,35000,31,0,F,5,3,3,4,3,2
5/16/2018,153438,25000,40,0,F,1,3,3,1,4,5
5/12/2018,153439,30000,37,0,F,1,4,5,2,3,1
5/18/2018,153440,20000,32,0,F,3,1,4,1,3,4
5/16/2018,153441,15000,25,0,F,1,4,3,2,3,3
5/22/2018,153442,35000,25,0,F,1,5,3,3,3,4
5/10/2018,153443,100000,39,0,M,4,2,4,5,3,3
5/10/2018,153444,40000,23,1,F,1,5,5,1,4,1
5/23/2018,153445,30000,28,1,M,2,4,3,1,4,2
5/21/2018,153446,15000,30,0,F,3,3,4,4,2,2
5/19/2018,153447,25000,26,1,F,4,2,1,1,3,3
5/20/2018,153448,30000,22,0,M,3,2,4,5,2,4
5/11/2018,153449,30000,37,0,M,2,4,5,4,3,2
5/23/2018,153450,35000,31,0,F,5,3,2,5,2,2
5/10/2018,153451,40000,33,1,M,3,4,5,5,4,5
5/12/2018,153452,40000,43,0,F,4,5,3,3,4,3
5/17/2018,153453,20000,33,0,F,3,2,5,5,2,5
5/17/2018,153454,35000,21,1,F,2,4,3,5,5,1
5/21/2018,153455,20000,27,0,M,1,3,3,1,1,3
5/23/2018,153456,35000,50,1,F,3,2,5,5,1,2
5/14/2018,153457,45000,39,0,M,2,2,4,4,5,2
5/15/2018,153464,40000,42,1,F,1,4,1,5,3,2
5/14/2018,153465,35000,43,0,F,1,4,2,1,4,4
5/19/2018,153466,45000,30,0,M,2,5,4,2,4,2
5/20/2018,153467,70000,37,2,M,4,4,3,5,1,5
5/18/2018,153468,40000,34,2,M,3,4,2,4,4,5
5/12/2018,153469,30000,23,0,F,1,5,1,3,4,1
5/21/2018,153470,35000,35,0,M,5,3,4,1,3,4
5/23/2018,153471,35000,54,0,M,1,2,2,5,4,1
5/16/2018,153472,15000,27,1,M,1,5,3,4,1,1
5/12/2018,153473,35000,43,1,F,1,4,4,4,1,5
5/22/2018,153474,30000,24,1,F,2,3,3,1,2,4
5/15/2018,153475,30000,32,0,M,4,5,3,2,3,1
5/20/2018,153476,25000,38,0,M,3,3,5,3,4,3
5/24/2018,153477,30000,35,1,M,2,2,2,2,1,2
5/17/2018,153478,25000,42,2,M,5,2,3,4,4,4
5/23/2018,153479,15000,31,1,F,1,2,3,3,2,4
5/19/2018,153480,45000,25,0,F,3,3,4,3,3,4
5/19/2018,153481,35000,21,1,M,1,1,3,1,1,4
5/10/2018,153482,30000,28,0,M,5,5,2,3,2,4
5/22/2018,153483,50000,47,1,M,4,4,2,1,1,2
5/11/2018,153484,35000,35,1,F,1,1,4,3,2,1
5/14/2018,153494,35000,31,0,M,1,4,2,2,3,1
5/15/2018,153495,40000,21,0,F,3,4,1,2,2,1
5/17/2018,153496,35000,35,1,M,5,3,2,2,3,1
5/20/2018,153497,15000,25,1,M,2,3,4,3,1,4
5/23/2018,153498,15000,29,0,M,2,3,1,5,1,3
5/19/2018,153499,40000,34,0,M,2,1,3,4,3,1
5/12/2018,153500,100000,42,1,M,1,4,2,1,2,4
5/14/2018,153501,25000,23,0,F,3,2,5,4,5,1
5/24/2018,153502,40000,21,0,M,5,2,5,1,5,1
5/21/2018,153503,15000,35,0,F,2,2,5,1,1,4
5/21/2018,153504,50000,29,0,M,2,1,5,3,2,5
5/16/2018,153505,25000,44,0,F,3,5,5,5,4,5
5/19/2018,153506,20000,34,0,F,4,5,3,1,3,4
5/15/2018,153507,15000,20,1,F,4,1,1,5,4,1
5/12/2018,153508,25000,48,1,F,5,5,1,2,4,2
5/11/2018,153509,30000,40,0,F,5,1,4,2,1,5
5/23/2018,153510,35000,21,0,M,2,3,5,2,2,2
5/17/2018,153511,35000,51,1,F,4,1,2,1,4,1
5/15/2018,153512,45000,33,0,F,3,4,2,4,1,5
5/24/2018,153513,100000,53,3,M,3,4,3,1,3,1
5/12/2018,153514,35000,30,1,M,3,3,4,5,3,1
5/13/2018,153515,35000,35,0,F,3,3,3,2,1,3
5/12/2018,153516,35000,34,0,F,2,5,5,4,2,1
5/10/2018,153518,45000,41,1,F,4,5,4,3,5,3
5/21/2018,153519,35000,38,0,F,3,2,5,3,4,3
5/11/2018,153520,35000,39,0,M,5,5,5,3,2,1
5/17/2018,153521,20000,34,0,F,3,5,1,3,1,2
5/16/2018,153522,15000,37,1,M,5,5,5,3,3,2
5/11/2018,153523,35000,38,1,F,1,4,3,1,1,3
5/20/2018,153524,20000,35,1,F,2,1,3,3,2,5
5/18/2018,153525,15000,34,2,M,2,1,5,4,1,5
5/22/2018,153526,40000,52,0,F,3,2,3,2,1,1
5/16/2018,153541,25000,51,2,M,3,3,5,5,1,2
5/11/2018,153542,45000,38,0,M,4,3,1,3,5,3
5/23/2018,153543,30000,36,1,F,2,3,5,2,3,5
5/20/2018,153544,20000,39,0,F,4,5,4,2,3,3
5/24/2018,153545,35000,37,1,M,4,2,2,2,5,5
5/18/2018,153546,45000,30,0,M,3,4,2,4,1,5
5/11/2018,153547,35000,22,0,F,2,1,2,3,1,2
5/10/2018,153548,30000,35,0,M,4,5,3,5,4,5
5/12/2018,153549,45000,46,1,M,2,2,2,3,3,3
5/18/2018,153550,40000,40,1,F,2,5,4,5,2,4
5/16/2018,153551,20000,38,0,F,1,2,2,1,2,4
5/17/2018,153552,30000,35,1,M,5,3,5,4,3,4
5/18/2018,153553,35000,27,1,F,1,2,4,4,3,2
5/17/2018,153554,35000,42,0,M,2,1,5,4,1,2
5/14/2018,153555,100000,37,0,M,1,1,3,5,4,4
5/13/2018,153556,25000,36,0,M,4,1,5,1,4,5
5/13/2018,153557,25000,40,0,M,2,1,1,2,1,1
5/17/2018,153558,25000,28,2,F,3,1,2,2,1,3
5/24/2018,153559,30000,33,1,F,3,3,1,3,5,5
5/20/2018,153560,40000,25,1,F,2,2,2,1,1,1
5/10/2018,153561,30000,27,0,M,5,2,4,4,5,2
5/23/2018,153562,30000,50,0,M,5,4,1,3,5,1
5/23/2018,153563,40000,31,0,M,2,5,4,1,1,5
5/10/2018,153564,100000,45,0,F,5,3,3,3,4,1
5/16/2018,153565,20000,23,0,M,4,3,3,4,3,2
5/16/2018,153566,40000,27,0,M,2,3,4,2,4,2
5/21/2018,153567,20000,35,0,M,2,5,3,1,1,1
5/23/2018,153568,45000,28,1,F,1,2,5,1,1,3
5/21/2018,153581,35000,23,0,M,3,2,2,1,1,4
5/24/2018,153582,50000,29,0,M,5,3,1,5,4,2
5/14/2018,153583,30000,46,0,F,2,1,5,3,1,3
5/18/2018,153584,55000,49,1,F,2,1,3,1,1,3
5/17/2018,153585,15000,34,1,F,1,4,5,1,1,2
5/19/2018,153586,40000,23,1,F,2,2,4,3,1,5
5/18/2018,153587,45000,40,1,F,3,1,1,2,2,4
5/12/2018,153588,15000,32,0,M,1,3,5,3,1,2
5/10/2018,153589,100000,24,1,F,3,2,5,1,4,1
5/16/2018,153590,40000,42,0,F,4,5,5,4,3,1
5/24/2018,153591,40000,33,0,F,1,3,4,5,4,1
5/17/2018,153592,30000,49,1,M,1,2,2,3,4,5
5/16/2018,153593,30000,36,0,M,3,5,1,4,1,5
5/24/2018,153594,40000,29,0,F,2,2,2,3,2,1
5/22/2018,153595,45000,28,0,F,1,1,2,5,2,2
5/15/2018,153596,30000,38,0,F,1,5,4,2,1,1
5/23/2018,153597,30000,45,2,M,5,5,1,5,2,3
5/14/2018,153598,35000,31,1,F,1,2,5,2,3,5
5/14/2018,153599,35000,27,2,F,4,2,3,2,1,3
5/22/2018,153600,30000,29,0,M,2,3,5,5,3,2
5/23/2018,153601,25000,29,0,M,2,4,5,3,5,5
5/11/2018,153602,45000,24,0,M,1,2,1,2,4,1
5/18/2018,153603,30000,34,0,F,2,5,5,1,5,3
5/15/2018,153604,20000,43,0,M,4,2,4,3,2,4
5/11/2018,153605,20000,24,1,F,1,1,4,1,5,5
5/11/2018,153612,100000,52,0,F,5,4,1,5,4,5
5/13/2018,153613,15000,36,0,M,4,1,5,5,2,5
5/15/2018,153614,25000,47,1,M,3,4,5,4,4,4
5/20/2018,153615,20000,57,1,F,4,2,3,4,1,5
5/21/2018,153616,100000,52,1,F,2,1,4,2,3,1
5/18/2018,153617,35000,27,0,M,3,2,5,5,4,1
5/23/2018,153618,35000,27,0,M,4,2,1,2,1,3
5/15/2018,153619,25000,20,1,M,4,3,5,5,3,4
5/17/2018,153620,40000,32,0,F,1,2,4,4,2,4
